{
  "music.kmacleod.batty_mcfaddlin": {
    "category": "record",
    "sounds": [
      {
        "name": "mcmusic_kevin_macleod:batty_mcfaddlin",
        "stream": true
      }
    ]
  },
  "music.kmacleod.fluffing_a_duck": {
    "category": "record",
    "sounds": [
      {
        "name": "mcmusic_kevin_macleod:fluffing_a_duck",
        "stream": true
      }
    ]
  },
  "music.kmacleod.four_beers_polka": {
    "category": "record",
    "sounds": [
      {
        "name": "mcmusic_kevin_macleod:four_beers_polka",
        "stream": true
      }
    ]
  },
  "music.kmacleod.hustle": {
    "category": "record",
    "sounds": [
      {
        "name": "mcmusic_kevin_macleod:hustle",
        "stream": true
      }
    ]
  },
  "music.kmacleod.hyperfun": {
    "category": "record",
    "sounds": [
      {
        "name": "mcmusic_kevin_macleod:hyperfun",
        "stream": true
      }
    ]
  },
  "music.kmacleod.if_i_had_a_chicken": {
    "category": "record",
    "sounds": [
      {
        "name": "mcmusic_kevin_macleod:if_i_had_a_chicken",
        "stream": true
      }
    ]
  },
  "music.kmacleod.monkeys_spinning_monkeys": {
    "category": "record",
    "sounds": [
      {
        "name": "mcmusic_kevin_macleod:monkeys_spinning_monkeys",
        "stream": true
      }
    ]
  },
  "music.kmacleod.scheming_weasel": {
    "category": "record",
    "sounds": [
      {
        "name": "mcmusic_kevin_macleod:scheming_weasel",
        "stream": true
      }
    ]
  },
  "music.kmacleod.show_must_be_go": {
    "category": "record",
    "sounds": [
      {
        "name": "mcmusic_kevin_macleod:show_must_be_go",
        "stream": true
      }
    ]
  },
  "music.kmacleod.sneaky_snitch": {
    "category": "record",
    "sounds": [
      {
        "name": "mcmusic_kevin_macleod:sneaky_snitch",
        "stream": true
      }
    ]
  },
  "music.kmacleod.spazzmatica_polka": {
    "category": "record",
    "sounds": [
      {
        "name": "mcmusic_kevin_macleod:spazzmatica_polka",
        "stream": true
      }
    ]
  },
  "music.kmacleod.thatched_villagers": {
    "category": "record",
    "sounds": [
      {
        "name": "mcmusic_kevin_macleod:thatched_villagers",
        "stream": true
      }
    ]
  },
  "music.kmacleod.the_builder": {
    "category": "record",
    "sounds": [
      {
        "name": "mcmusic_kevin_macleod:the_builder",
        "stream": true
      }
    ]
  },
  "music.kmacleod.the_cannery": {
    "category": "record",
    "sounds": [
      {
        "name": "mcmusic_kevin_macleod:the_cannery",
        "stream": true
      }
    ]
  },
  "music.kmacleod.amazing_plan": {
    "category": "record",
    "sounds": [
      {
        "name": "mcmusic_kevin_macleod:amazing_plan",
        "stream": true
      }
    ]
  },
  "music.kmacleod.hand_trolley": {
    "category": "record",
    "sounds": [
      {
        "name": "mcmusic_kevin_macleod:hand_trolley",
        "stream": true
      }
    ]
  },
  "music.kmacleod.look_busy": {
    "category": "record",
    "sounds": [
      {
        "name": "mcmusic_kevin_macleod:look_busy",
        "stream": true
      }
    ]
  },
  "music.kmacleod.meatball_parade": {
    "category": "record",
    "sounds": [
      {
        "name": "mcmusic_kevin_macleod:meatball_parade",
        "stream": true
      }
    ]
  },
  "music.kmacleod.merry_go_slower": {
    "category": "record",
    "sounds": [
      {
        "name": "mcmusic_kevin_macleod:merry_go_slower",
        "stream": true
      }
    ]
  },
  "music.kmacleod.plucky_daisy": {
    "category": "record",
    "sounds": [
      {
        "name": "mcmusic_kevin_macleod:plucky_daisy",
        "stream": true
      }
    ]
  }
}
